title,price,image
Logitech K400 Plus Wireless Touch With Easy Media Control and Built-in Touchpad, HTPC Keyboard for PC-connected TV, Windows, Android, Chrome OS, Laptop, Tablet - Black,Null,https://m.media-amazon.com/images/I/51yjnWJ5urL._AC_UL320_.jpg
Logitech K270 Wireless Keyboard for Windows, 2.4 GHz Wireless, Full-Size, Number Pad, 8 Multimedia Keys, 2-Year Battery Life, Compatible with PC, Laptop,Null,https://m.media-amazon.com/images/I/61FxW-B6tgL._AC_UL320_.jpg
Logitech C270 HD Webcam, 720p, Widescreen HD Video Calling,Light Correction, Noise-Reducing Mic, For Skype, FaceTime, Hangouts, WebEx, PC/Mac/Laptop/Macbook/Tablet - Black,$24.99,https://m.media-amazon.com/images/I/61yo4swj-PL._AC_UL320_.jpg
Logitech M330 SILENT PLUS Wireless Mouse, 2.4GHz with USB Nano Receiver, 1000 DPI Optical Tracking, 2-year Battery Life, Compatible with PC, Mac, Laptop, Chromebook - Black,Null,https://m.media-amazon.com/images/I/7175-quIf1L._AC_UL320_.jpg
Logitech MK120 Wired Keyboard and Mouse Combo for Windows, Optical Wired Mouse, Full-Size Keyboard, USB Plug-and-Play, Compatible with PC, Laptop - Black,$17.99,https://m.media-amazon.com/images/I/61JiXMLP0ZL._AC_UL320_.jpg
Logitech USB Unifying Receiver, 2.4 GHz Wireless Technology, USB Plug Compatible with all Logitech Unifying Devices like Wireless Mouse and Keyboard, PC / Mac / Laptop - Black,$12.57,https://m.media-amazon.com/images/I/41c0n6OLasL._AC_UL320_.jpg
Logitech S120 2.0 Stereo Speakers, Black,Null,https://m.media-amazon.com/images/I/91Wbw3zi9mL._AC_UL320_.jpg
Logitech MK235 Wireless Keyboard and Mouse Combo for Windows, 2.4 GHz Wireless Unifying USB Receiver, 15 FN Keys, Long Battery Life, Compatible with PC, Laptop,Null,https://m.media-amazon.com/images/I/51tD5qFiESL._AC_UL320_.jpg
Logitech Pebble Wireless Mouse with Bluetooth or 2.4 GHz Receiver, Silent, Slim Computer Mouse with Quiet Clicks, for Laptop/Notebook/iPad/PC/Mac/Chromebook - Graphite,$24.90,https://m.media-amazon.com/images/I/51lMCZGIAiL._AC_UL320_.jpg
Logitech M317 Wireless Mouse, 2.4 GHz with USB Receiver, 1000 DPI Optical Tracking, 12 Month Battery, Compatible with PC, Mac, Laptop, Chromebook - Black,$14.94,https://m.media-amazon.com/images/I/71aeNguWgrL._AC_UL320_.jpg
Logitech MX Palm Rest for MX Keys, Premium, No-Slip Support for Hours of Comfortable Typing, Black,Null,https://m.media-amazon.com/images/I/61j9FgP0NaL._AC_UL320_.jpg
Logitech USB Headset H340, Stereo, USB Headset for Windows and Mac - Black,Null,https://m.media-amazon.com/images/I/61kCTnNQe6L._AC_UL320_.jpg
Logitech Media Combo MK200 Full-Size Keyboard and High-Definition Optical Mouse,$23.71,https://m.media-amazon.com/images/I/812GYC9e15L._AC_UL320_.jpg
Logitech Wireless Mouse M185 (Swift Grey),$15.99,https://m.media-amazon.com/images/I/41v-30mLwfL._AC_UL320_.jpg
Logitech - Design Collection Limited Edition Wireless Compact Mouse with Colorful Designs - Chirpy Bird,$14.99,https://m.media-amazon.com/images/I/515bABb75+L._AC_UL320_.jpg
Logitech - Design Collection Limited Edition Wireless Compact Mouse with Colorful Designs - Golden Garden,$15.49,https://m.media-amazon.com/images/I/61ihPFrH-LL._AC_UL320_.jpg
Logitech M317 Mouse - Rose Splash`,$11.99,https://m.media-amazon.com/images/I/71wqunSU2eS._AC_UL320_.jpg
Logitech Wireless Mouse M525 - Navy/Grey,$23.80,https://m.media-amazon.com/images/I/71IJnt3CsmL._AC_UL320_.jpg
Logitech Multimedia Speaker Z50 for Smartphone, Tablet and Laptop â€“ Grey,Null,https://m.media-amazon.com/images/I/41EUmC4nbDL._AC_UL320_.jpg
Logitech Wireless Mini Mouse M187 Ultra Portable, 1000 DPI Optical Tracking, 3-Buttons, PC/Mac/Laptop - Red,$14.00,https://m.media-amazon.com/images/I/610x7MsFinL._AC_UL320_.jpg
Logitech - Design Collection Limited Edition Wireless Compact Mouse with Colorful Designs - POW,$13.89,https://m.media-amazon.com/images/I/5183SzLxxRL._AC_UL320_.jpg
Logitech Design Collection Limited Edition 910-006123,$15.49,https://m.media-amazon.com/images/I/51gQFaueMaL._AC_UL320_.jpg
Logitech 910-002235 Wireless Mouse M185,$13.20,https://m.media-amazon.com/images/I/41-Vp+czqqL._AC_UL320_.jpg
Logitech M325 Wireless Mouse (Flamingo),$28.99,https://m.media-amazon.com/images/I/61J2VScgwnL._AC_UL320_.jpg
Logitech Clearchat Comfort USB Headset,$24.99,https://m.media-amazon.com/images/I/81q2meZT5wL._AC_UL320_.jpg
Logitech Clearchat Comfort USB Headset,$24.99,https://m.media-amazon.com/images/I/81q2meZT5wL._AC_UL320_.jpg
Logitech M325c Wireless Optical Mouse Marc Monkey,$13.34,https://m.media-amazon.com/images/I/61Y9PB9WRQL._AC_UL320_.jpg
Logitech M325 Mouse Watermelon,$19.99,https://m.media-amazon.com/images/I/41FEU+aVpoL._AC_UL320_.jpg
Logitech M325 Wireless Mouse (Cocktail),$19.99,https://m.media-amazon.com/images/I/71JmKdunYqL._AC_UL320_.jpg
Logitech B100 Optical USB Mouse,Black,$7.97,https://m.media-amazon.com/images/I/61wYUzb5ONL._AC_UL320_.jpg
Logitech Plug-and-Play Wireless Mouse,$11.99,https://m.media-amazon.com/images/I/61z0ZGvvLrL._AC_UL320_.jpg
Logitech M310 red Full Size Wireless Mouse,Null,https://m.media-amazon.com/images/I/714Mwj7XrcL._AC_UL320_.jpg
Logitech 910-005026 M325c Wireless Mouse Triple Scoop Ice Cream Cone,$15.90,https://m.media-amazon.com/images/I/51s-r6k0khL._AC_UL320_.jpg
Logitech M317c Wireless Mouse, Red Zig Zag,$19.99,https://m.media-amazon.com/images/I/71o0u4gIovL._AC_UL320_.jpg
Logitech M187 Wireless Mini Mouse,$15.99,https://m.media-amazon.com/images/I/61nXxXTc6aL._AC_UL320_.jpg
Logitech Clearchat Comfort USB Headset,$24.99,https://m.media-amazon.com/images/I/81q2meZT5wL._AC_UL320_.jpg
Logitech Clearchat Comfort USB Headset,$24.99,https://m.media-amazon.com/images/I/81q2meZT5wL._AC_UL320_.jpg
Logitech M325c Wireless Optical Mouse Marc Monkey,$13.34,https://m.media-amazon.com/images/I/61Y9PB9WRQL._AC_UL320_.jpg
Logitech M325 Mouse Watermelon,$19.99,https://m.media-amazon.com/images/I/41FEU+aVpoL._AC_UL320_.jpg
Logitech M325 Wireless Mouse (Cocktail),$19.99,https://m.media-amazon.com/images/I/71JmKdunYqL._AC_UL320_.jpg
Logitech B100 Optical USB Mouse,Black,$7.97,https://m.media-amazon.com/images/I/61wYUzb5ONL._AC_UL320_.jpg
Logitech Plug-and-Play Wireless Mouse,$11.99,https://m.media-amazon.com/images/I/61z0ZGvvLrL._AC_UL320_.jpg
Logitech M310 red Full Size Wireless Mouse,Null,https://m.media-amazon.com/images/I/714Mwj7XrcL._AC_UL320_.jpg
Logitech 910-005026 M325c Wireless Mouse Triple Scoop Ice Cream Cone,$15.90,https://m.media-amazon.com/images/I/51s-r6k0khL._AC_UL320_.jpg
Logitech M317c Wireless Mouse, Red Zig Zag,$19.99,https://m.media-amazon.com/images/I/71o0u4gIovL._AC_UL320_.jpg
Logitech M187 Wireless Mini Mouse,$15.99,https://m.media-amazon.com/images/I/61nXxXTc6aL._AC_UL320_.jpg
Logitech Clearchat Comfort USB Headset,$24.99,https://m.media-amazon.com/images/I/81q2meZT5wL._AC_UL320_.jpg
Logitech Clearchat Comfort USB Headset,$24.99,https://m.media-amazon.com/images/I/81q2meZT5wL._AC_UL320_.jpg
Logitech M325c Wireless Optical Mouse Marc Monkey,$13.34,https://m.media-amazon.com/images/I/61Y9PB9WRQL._AC_UL320_.jpg
Logitech M325 Mouse Watermelon,$19.99,https://m.media-amazon.com/images/I/41FEU+aVpoL._AC_UL320_.jpg
Logitech M325 Wireless Mouse (Cocktail),$19.99,https://m.media-amazon.com/images/I/71JmKdunYqL._AC_UL320_.jpg
Logitech B100 Optical USB Mouse,Black,$7.97,https://m.media-amazon.com/images/I/61wYUzb5ONL._AC_UL320_.jpg
Logitech Plug-and-Play Wireless Mouse,$11.99,https://m.media-amazon.com/images/I/61z0ZGvvLrL._AC_UL320_.jpg
Logitech M310 red Full Size Wireless Mouse,Null,https://m.media-amazon.com/images/I/714Mwj7XrcL._AC_UL320_.jpg
Logitech 910-005026 M325c Wireless Mouse Triple Scoop Ice Cream Cone,$15.90,https://m.media-amazon.com/images/I/51s-r6k0khL._AC_UL320_.jpg
Logitech M317c Wireless Mouse, Red Zig Zag,$19.99,https://m.media-amazon.com/images/I/71o0u4gIovL._AC_UL320_.jpg
Logitech M187 Wireless Mini Mouse,$15.99,https://m.media-amazon.com/images/I/61nXxXTc6aL._AC_UL320_.jpg
Logitech Clearchat Comfort USB Headset,$24.99,https://m.media-amazon.com/images/I/81q2meZT5wL._AC_UL320_.jpg
Logitech Clearchat Comfort USB Headset,$24.99,https://m.media-amazon.com/images/I/81q2meZT5wL._AC_UL320_.jpg
Logitech M325c Wireless Optical Mouse Marc Monkey,$13.34,https://m.media-amazon.com/images/I/61Y9PB9WRQL._AC_UL320_.jpg
Logitech M325 Mouse Watermelon,$19.99,https://m.media-amazon.com/images/I/41FEU+aVpoL._AC_UL320_.jpg
Logitech M325 Wireless Mouse (Cocktail),$19.99,https://m.media-amazon.com/images/I/71JmKdunYqL._AC_UL320_.jpg
Logitech B100 Optical USB Mouse,Black,$7.97,https://m.media-amazon.com/images/I/61wYUzb5ONL._AC_UL320_.jpg
Logitech Plug-and-Play Wireless Mouse,$11.99,https://m.media-amazon.com/images/I/61z0ZGvvLrL._AC_UL320_.jpg
Logitech M310 red Full Size Wireless Mouse,Null,https://m.media-amazon.com/images/I/714Mwj7XrcL._AC_UL320_.jpg
Logitech 910-005026 M325c Wireless Mouse Triple Scoop Ice Cream Cone,$15.90,https://m.media-amazon.com/images/I/51s-r6k0khL._AC_UL320_.jpg
Logitech M317c Wireless Mouse, Red Zig Zag,$19.99,https://m.media-amazon.com/images/I/71o0u4gIovL._AC_UL320_.jpg
Logitech M187 Wireless Mini Mouse,$15.99,https://m.media-amazon.com/images/I/61nXxXTc6aL._AC_UL320_.jpg
Logitech Clearchat Comfort USB Headset,$24.99,https://m.media-amazon.com/images/I/81q2meZT5wL._AC_UL320_.jpg
Logitech Clearchat Comfort USB Headset,$24.99,https://m.media-amazon.com/images/I/81q2meZT5wL._AC_UL320_.jpg
Logitech M325c Wireless Optical Mouse Marc Monkey,$13.34,https://m.media-amazon.com/images/I/61Y9PB9WRQL._AC_UL320_.jpg
Logitech M325 Mouse Watermelon,$19.99,https://m.media-amazon.com/images/I/41FEU+aVpoL._AC_UL320_.jpg
Logitech M325 Wireless Mouse (Cocktail),$19.99,https://m.media-amazon.com/images/I/71JmKdunYqL._AC_UL320_.jpg
Logitech B100 Optical USB Mouse,Black,$7.97,https://m.media-amazon.com/images/I/61wYUzb5ONL._AC_UL320_.jpg
Logitech Plug-and-Play Wireless Mouse,$11.99,https://m.media-amazon.com/images/I/61z0ZGvvLrL._AC_UL320_.jpg
Logitech M310 red Full Size Wireless Mouse,Null,https://m.media-amazon.com/images/I/714Mwj7XrcL._AC_UL320_.jpg
Logitech 910-005026 M325c Wireless Mouse Triple Scoop Ice Cream Cone,$15.90,https://m.media-amazon.com/images/I/51s-r6k0khL._AC_UL320_.jpg
Logitech M317c Wireless Mouse, Red Zig Zag,$19.99,https://m.media-amazon.com/images/I/71o0u4gIovL._AC_UL320_.jpg
Logitech M187 Wireless Mini Mouse,$15.99,https://m.media-amazon.com/images/I/61nXxXTc6aL._AC_UL320_.jpg
Logitech Clearchat Comfort USB Headset,$24.99,https://m.media-amazon.com/images/I/81q2meZT5wL._AC_UL320_.jpg
Logitech Clearchat Comfort USB Headset,$24.99,https://m.media-amazon.com/images/I/81q2meZT5wL._AC_UL320_.jpg
Logitech M325c Wireless Optical Mouse Marc Monkey,$13.34,https://m.media-amazon.com/images/I/61Y9PB9WRQL._AC_UL320_.jpg
Logitech M325 Mouse Watermelon,$19.99,https://m.media-amazon.com/images/I/41FEU+aVpoL._AC_UL320_.jpg
Logitech M325 Wireless Mouse (Cocktail),$19.99,https://m.media-amazon.com/images/I/71JmKdunYqL._AC_UL320_.jpg
Logitech B100 Optical USB Mouse,Black,$7.97,https://m.media-amazon.com/images/I/61wYUzb5ONL._AC_UL320_.jpg
Logitech Plug-and-Play Wireless Mouse,$11.99,https://m.media-amazon.com/images/I/61z0ZGvvLrL._AC_UL320_.jpg
Logitech M310 red Full Size Wireless Mouse,Null,https://m.media-amazon.com/images/I/714Mwj7XrcL._AC_UL320_.jpg
Logitech 910-005026 M325c Wireless Mouse Triple Scoop Ice Cream Cone,$15.90,https://m.media-amazon.com/images/I/51s-r6k0khL._AC_UL320_.jpg
Logitech M317c Wireless Mouse, Red Zig Zag,$19.99,https://m.media-amazon.com/images/I/71o0u4gIovL._AC_UL320_.jpg
Logitech M187 Wireless Mini Mouse,$15.99,https://m.media-amazon.com/images/I/61nXxXTc6aL._AC_UL320_.jpg
Logitech Clearchat Comfort USB Headset,$24.99,https://m.media-amazon.com/images/I/81q2meZT5wL._AC_UL320_.jpg
Logitech Clearchat Comfort USB Headset,$24.99,https://m.media-amazon.com/images/I/81q2meZT5wL._AC_UL320_.jpg
Logitech M325c Wireless Optical Mouse Marc Monkey,$13.34,https://m.media-amazon.com/images/I/61Y9PB9WRQL._AC_UL320_.jpg
Logitech M325 Mouse Watermelon,$19.99,https://m.media-amazon.com/images/I/41FEU+aVpoL._AC_UL320_.jpg
Logitech M325 Wireless Mouse (Cocktail),$19.99,https://m.media-amazon.com/images/I/71JmKdunYqL._AC_UL320_.jpg
Logitech B100 Optical USB Mouse,Black,$7.97,https://m.media-amazon.com/images/I/61wYUzb5ONL._AC_UL320_.jpg
Logitech Plug-and-Play Wireless Mouse,$11.99,https://m.media-amazon.com/images/I/61z0ZGvvLrL._AC_UL320_.jpg
Logitech M310 red Full Size Wireless Mouse,Null,https://m.media-amazon.com/images/I/714Mwj7XrcL._AC_UL320_.jpg
Logitech 910-005026 M325c Wireless Mouse Triple Scoop Ice Cream Cone,$15.90,https://m.media-amazon.com/images/I/51s-r6k0khL._AC_UL320_.jpg
Logitech M317c Wireless Mouse, Red Zig Zag,$19.99,https://m.media-amazon.com/images/I/71o0u4gIovL._AC_UL320_.jpg
Logitech M187 Wireless Mini Mouse,$15.99,https://m.media-amazon.com/images/I/61nXxXTc6aL._AC_UL320_.jpg
Logitech M317c Wireless Mouse Purple (PN 910-004747),$19.99,https://m.media-amazon.com/images/I/71kDa3QGcjL._AC_UL320_.jpg
